age,total_population,males,females,hispanic_total,hispanic_males,hispanic_females,native_total,native_males,native_females,asian_total,asian_males,asian_females,black_total,black_males,black_females,white_total,white_males,white_females
0,77.5,74.8,80.2,80.0,77.0,82.8,67.8,64.5,71.3,84.4,82.3,86.3,72.8,69.1,76.5,77.5,75.1,80.1
1,76.9,74.3,79.6,79.4,76.4,82.2,67.4,64.2,70.8,83.7,81.6,85.6,72.6,68.9,76.3,76.9,74.4,79.4
2,75.9,73.3,78.6,78.4,75.5,81.3,66.5,63.3,69.9,82.7,80.7,84.6,71.7,68.0,75.3,75.9,73.5,78.5
3,74.9,72.3,77.7,77.4,74.5,80.3,65.5,62.3,69.0,81.8,79.7,83.6,70.7,67.0,74.4,74.9,72.5,77.5
4,74.0,71.3,76.7,76.4,73.5,79.3,64.6,61.4,68.0,80.8,78.7,82.6,69.7,66.0,73.4,73.9,71.5,76.5
5,73.0,70.4,75.7,75.4,72.5,78.3,63.6,60.4,67.0,79.8,77.7,81.6,68.8,65.1,72.4,72.9,70.5,75.5
6,72.0,69.4,74.7,74.4,71.5,77.3,62.6,59.4,66.0,78.8,76.7,80.6,67.8,64.1,71.4,72.0,69.5,74.5
7,71.0,68.4,73.7,73.5,70.5,76.3,61.6,58.4,65.1,77.8,75.7,79.6,66.8,63.1,70.5,71.0,68.5,73.5
8,70.0,67.4,72.7,72.5,69.5,75.3,60.6,57.4,64.1,76.8,74.7,78.6,65.8,62.1,69.5,70.0,67.5,72.5
9,69.0,66.4,71.7,71.5,68.5,74.3,59.7,56.5,63.1,75.8,73.7,77.6,64.8,61.1,68.5,69.0,66.6,71.5
10,68.0,65.4,70.7,70.5,67.5,73.3,58.7,55.5,62.1,74.8,72.7,76.6,63.8,60.1,67.5,68.0,65.6,70.5
11,67.0,64.4,69.7,69.5,66.5,72.3,57.7,54.5,61.1,73.8,71.7,75.6,62.8,59.2,66.5,67.0,64.6,69.5
12,66.0,63.4,68.7,68.5,65.6,71.3,56.7,53.5,60.1,72.8,70.7,74.6,61.9,58.2,65.5,66.0,63.6,68.5
13,65.0,62.4,67.8,67.5,64.6,70.4,55.7,52.5,59.1,71.8,69.7,73.6,60.9,57.2,64.5,65.0,62.6,67.5
14,64.1,61.4,66.8,66.5,63.6,69.4,54.8,51.6,58.2,70.8,68.7,72.6,59.9,56.2,63.6,64.0,61.6,66.6
15,63.1,60.5,65.8,65.5,62.6,68.4,53.8,50.6,57.2,69.8,67.8,71.7,58.9,55.2,62.6,63.0,60.6,65.6
16,62.1,59.5,64.8,64.5,61.6,67.4,52.9,49.7,56.3,68.9,66.8,70.7,58.0,54.3,61.6,62.1,59.7,64.6
17,61.1,58.5,63.8,63.6,60.7,66.4,51.9,48.7,55.4,67.9,65.8,69.7,57.0,53.4,60.6,61.1,58.7,63.6
18,60.2,57.6,62.8,62.6,59.7,65.4,51.0,47.8,54.4,66.9,64.8,68.7,56.1,52.5,59.7,60.1,57.7,62.6
19,59.2,56.6,61.9,61.6,58.8,64.5,50.1,46.9,53.5,65.9,63.8,67.7,55.2,51.6,58.7,59.2,56.8,61.6
20,58.3,55.7,60.9,60.7,57.8,63.5,49.2,46.1,52.6,64.9,62.9,66.7,54.3,50.7,57.7,58.2,55.8,60.7
21,57.3,54.8,59.9,59.7,56.9,62.5,48.3,45.2,51.7,64.0,61.9,65.7,53.4,49.9,56.8,57.2,54.9,59.7
22,56.4,53.8,58.9,58.8,55.9,61.5,47.4,44.3,50.7,63.0,60.9,64.7,52.5,49.0,55.8,56.3,53.9,58.7
23,55.4,52.9,58.0,57.8,55.0,60.6,46.5,43.5,49.8,62.0,60.0,63.8,51.6,48.1,54.9,55.3,53.0,57.7
24,54.5,52.0,57.0,56.9,54.1,59.6,45.7,42.6,48.9,61.1,59.0,62.8,50.7,47.3,53.9,54.4,52.1,56.8
25,53.5,51.1,56.0,56.0,53.2,58.6,44.8,41.8,48.0,60.1,58.0,61.8,49.8,46.4,53.0,53.4,51.1,55.8
26,52.6,50.2,55.1,55.0,52.3,57.7,44.0,41.0,47.1,59.1,57.1,60.8,48.9,45.6,52.1,52.5,50.2,54.8
27,51.7,49.3,54.1,54.1,51.4,56.7,43.1,40.2,46.2,58.2,56.1,59.8,48.0,44.7,51.1,51.5,49.3,53.9
28,50.7,48.4,53.2,53.2,50.5,55.7,42.3,39.5,45.3,57.2,55.1,58.8,47.1,43.9,50.2,50.6,48.4,52.9
29,49.8,47.5,52.2,52.2,49.6,54.8,41.5,38.7,44.5,56.2,54.2,57.8,46.2,43.0,49.3,49.7,47.5,52.0
30,48.9,46.6,51.3,51.3,48.7,53.8,40.7,38.0,43.6,55.2,53.2,56.9,45.3,42.2,48.3,48.8,46.6,51.0
31,48.0,45.7,50.3,50.4,47.8,52.8,40.0,37.2,42.8,54.3,52.3,55.9,44.4,41.3,47.4,47.8,45.7,50.1
32,47.1,44.8,49.4,49.5,46.9,51.9,39.2,36.5,42.0,53.3,51.3,54.9,43.6,40.5,46.5,46.9,44.8,49.1
33,46.1,43.9,48.4,48.5,46.0,50.9,38.4,35.8,41.2,52.3,50.3,53.9,42.7,39.6,45.6,46.0,43.9,48.2
34,45.2,43.0,47.5,47.6,45.1,50.0,37.7,35.0,40.4,51.4,49.4,52.9,41.8,38.8,44.7,45.1,43.0,47.2
35,44.3,42.1,46.5,46.7,44.2,49.0,36.9,34.3,39.6,50.4,48.4,52.0,40.9,38.0,43.7,44.2,42.1,46.3
36,43.4,41.2,45.6,45.8,43.3,48.1,36.2,33.7,38.9,49.4,47.5,51.0,40.1,37.1,42.8,43.3,41.2,45.4
37,42.5,40.4,44.7,44.9,42.5,47.1,35.5,33.0,38.1,48.5,46.5,50.0,39.2,36.3,41.9,42.4,40.3,44.4
38,41.6,39.5,43.7,44.0,41.6,46.1,34.8,32.3,37.3,47.5,45.6,49.0,38.4,35.5,41.0,41.5,39.4,43.5
39,40.7,38.6,42.8,43.0,40.7,45.2,34.1,31.7,36.5,46.5,44.6,48.0,37.5,34.7,40.1,40.6,38.6,42.6
40,39.8,37.7,41.9,42.1,39.8,44.2,33.4,31.0,35.8,45.6,43.7,47.1,36.6,33.8,39.3,39.7,37.7,41.7
41,38.9,36.8,41.0,41.2,38.9,43.3,32.7,30.4,35.0,44.6,42.7,46.1,35.8,33.0,38.4,38.8,36.8,40.7
42,38.0,36.0,40.0,40.3,38.0,42.3,31.9,29.7,34.2,43.6,41.7,45.1,35.0,32.2,37.5,37.9,35.9,39.8
43,37.1,35.1,39.1,39.4,37.1,41.4,31.2,29.0,33.4,42.7,40.8,44.1,34.1,31.4,36.6,37.0,35.1,38.9
44,36.2,34.2,38.2,38.5,36.3,40.5,30.5,28.4,32.6,41.7,39.9,43.2,33.3,30.6,35.7,36.1,34.2,38.0
45,35.3,33.4,37.3,37.6,35.4,39.5,29.8,27.8,31.9,40.8,38.9,42.2,32.5,29.8,34.9,35.2,33.3,37.1
46,34.4,32.5,36.4,36.7,34.5,38.6,29.2,27.1,31.2,39.8,38.0,41.2,31.6,29.0,34.0,34.3,32.5,36.2
47,33.6,31.6,35.5,35.8,33.6,37.6,28.5,26.6,30.5,38.9,37.0,40.3,30.8,28.2,33.1,33.4,31.6,35.3
48,32.7,30.8,34.6,34.9,32.8,36.7,27.9,26.0,29.8,37.9,36.1,39.3,30.0,27.4,32.3,32.6,30.8,34.4
49,31.8,29.9,33.7,34.0,31.9,35.8,27.3,25.4,29.1,37.0,35.2,38.4,29.2,26.6,31.4,31.7,29.9,33.5
50,30.9,29.1,32.8,33.1,31.0,34.9,26.7,24.9,28.4,36.1,34.3,37.4,28.4,25.9,30.6,30.8,29.1,32.6
51,30.1,28.3,31.9,32.2,30.2,34.0,26.0,24.3,27.7,35.1,33.4,36.5,27.6,25.1,29.7,30.0,28.2,31.7
52,29.2,27.4,31.0,31.3,29.3,33.0,25.4,23.7,27.0,34.2,32.5,35.5,26.8,24.3,28.9,29.1,27.4,30.8
53,28.4,26.6,30.1,30.4,28.5,32.1,24.8,23.1,26.4,33.3,31.6,34.6,26.0,23.6,28.1,28.3,26.6,29.9
54,27.5,25.8,29.2,29.6,27.6,31.2,24.1,22.5,25.7,32.4,30.7,33.6,25.2,22.8,27.3,27.4,25.8,29.1
55,26.7,25.0,28.4,28.7,26.8,30.3,23.5,21.9,25.0,31.4,29.8,32.7,24.4,22.1,26.4,26.6,25.0,28.2
56,25.9,24.2,27.5,27.9,25.9,29.5,22.9,21.4,24.4,30.5,28.9,31.7,23.7,21.4,25.6,25.8,24.2,27.4
57,25.1,23.4,26.7,27.0,25.1,28.6,22.3,20.8,23.7,29.6,28.0,30.8,22.9,20.7,24.9,25.0,23.4,26.5
58,24.3,22.6,25.8,26.2,24.3,27.7,21.8,20.3,23.1,28.7,27.1,29.9,22.2,20.0,24.1,24.2,22.6,25.7
59,23.5,21.9,25.0,25.3,23.5,26.8,21.2,19.8,22.5,27.8,26.3,28.9,21.5,19.3,23.3,23.4,21.8,24.8
60,22.7,21.1,24.2,24.5,22.7,25.9,20.6,19.3,21.8,26.9,25.4,28.0,20.8,18.6,22.6,22.6,21.1,24.0
61,21.9,20.4,23.3,23.7,22.0,25.1,20.1,18.8,21.2,26.0,24.5,27.1,20.1,18.0,21.8,21.8,20.4,23.2
62,21.2,19.7,22.5,22.9,21.2,24.2,19.5,18.3,20.6,25.1,23.7,26.2,19.4,17.4,21.1,21.1,19.6,22.4
63,20.4,18.9,21.7,22.1,20.4,23.4,19.0,17.8,20.0,24.3,22.9,25.2,18.7,16.7,20.4,20.3,18.9,21.6
64,19.7,18.2,21.0,21.3,19.7,22.6,18.4,17.3,19.3,23.4,22.0,24.3,18.1,16.1,19.7,19.6,18.2,20.8
65,18.9,17.5,20.2,20.5,19.0,21.7,17.8,16.8,18.7,22.5,21.2,23.4,17.4,15.5,19.0,18.8,17.5,20.0
66,18.2,16.8,19.4,19.8,18.2,20.9,17.2,16.2,18.1,21.7,20.4,22.6,16.8,15.0,18.3,18.1,16.8,19.3
67,17.5,16.2,18.6,19.0,17.5,20.1,16.7,15.7,17.4,20.8,19.6,21.7,16.2,14.4,17.6,17.3,16.1,18.5
68,16.7,15.5,17.8,18.2,16.8,19.3,16.1,15.2,16.8,20.0,18.8,20.8,15.6,13.9,16.9,16.6,15.4,17.7
69,16.0,14.8,17.1,17.5,16.1,18.5,15.5,14.7,16.1,19.2,18.0,19.9,15.0,13.3,16.2,15.9,14.7,17.0
70,15.3,14.2,16.3,16.7,15.4,17.7,14.9,14.2,15.5,18.4,17.2,19.1,14.4,12.8,15.6,15.2,14.1,16.2
71,14.6,13.5,15.6,16.0,14.7,16.9,14.4,13.7,14.9,17.6,16.5,18.2,13.8,12.3,14.9,14.5,13.4,15.5
72,13.9,12.9,14.9,15.3,14.0,16.1,13.9,13.3,14.3,16.8,15.7,17.4,13.2,11.7,14.2,13.8,12.8,14.7
73,13.3,12.2,14.1,14.6,13.4,15.4,13.4,12.8,13.7,16.0,15.0,16.6,12.6,11.2,13.6,13.1,12.1,14.0
74,12.6,11.6,13.4,13.9,12.7,14.6,12.9,12.4,13.2,15.2,14.3,15.8,12.0,10.7,13.0,12.5,11.5,13.3
75,12.0,11.0,12.8,13.2,12.1,13.9,12.4,11.9,12.6,14.5,13.6,15.0,11.5,10.2,12.4,11.8,10.9,12.6
76,11.3,10.4,12.1,12.5,11.5,13.2,11.9,11.5,12.1,13.7,12.8,14.2,10.9,9.7,11.8,11.2,10.3,11.9
77,10.7,9.8,11.4,11.9,10.8,12.5,11.4,11.0,11.5,12.9,12.1,13.4,10.4,9.2,11.2,10.6,9.7,11.3
78,10.1,9.2,10.8,11.2,10.2,11.8,10.9,10.5,11.0,12.2,11.4,12.6,9.9,8.7,10.6,10.0,9.1,10.6
79,9.5,8.7,10.2,10.6,9.6,11.1,10.4,10.0,10.5,11.5,10.8,11.9,9.4,8.3,10.0,9.4,8.6,10.0
80,8.9,8.1,9.5,10.0,9.1,10.4,9.9,9.6,10.0,10.8,10.1,11.1,8.9,7.8,9.5,8.8,8.0,9.4
81,8.4,7.6,9.0,9.4,8.5,9.8,9.5,9.2,9.6,10.1,9.5,10.4,8.4,7.4,9.0,8.3,7.5,8.8
82,7.9,7.1,8.4,8.8,8.0,9.2,9.1,8.8,9.1,9.5,8.9,9.7,7.9,7.0,8.4,7.7,7.0,8.3
83,7.3,6.7,7.8,8.3,7.5,8.6,8.7,8.4,8.7,8.9,8.3,9.1,7.4,6.6,7.9,7.2,6.6,7.7
84,6.9,6.2,7.3,7.7,7.0,8.0,8.3,8.1,8.2,8.3,7.7,8.4,7.0,6.2,7.5,6.8,6.1,7.2
85,6.4,5.8,6.8,7.2,6.5,7.4,7.9,7.7,7.8,7.7,7.2,7.8,6.6,5.8,7.0,6.3,5.7,6.7
86,5.9,5.3,6.3,6.7,6.0,6.9,7.5,7.4,7.4,7.1,6.6,7.2,6.2,5.5,6.6,5.8,5.3,6.2
87,5.5,5.0,5.9,6.2,5.6,6.4,7.2,7.1,7.0,6.6,6.1,6.6,5.8,5.1,6.1,5.4,4.9,5.8
88,5.1,4.6,5.4,5.8,5.2,5.9,6.8,6.7,6.7,6.1,5.7,6.1,5.4,4.8,5.7,5.0,4.5,5.3
89,4.7,4.2,5.0,5.4,4.8,5.5,6.5,6.4,6.3,5.6,5.2,5.6,5.1,4.5,5.3,4.6,4.1,4.9
90,4.4,3.9,4.6,5.0,4.4,5.0,6.2,6.1,6.0,5.1,4.8,5.1,4.8,4.2,5.0,4.3,3.8,4.5
91,4.0,3.6,4.3,4.6,4.1,4.6,5.9,5.9,5.6,4.7,4.4,4.7,4.5,4.0,4.6,4.0,3.5,4.2
92,3.7,3.4,3.9,4.3,3.8,4.3,5.6,5.6,5.3,4.3,4.1,4.2,4.2,3.7,4.3,3.7,3.3,3.9
93,3.5,3.1,3.6,4.0,3.5,3.9,5.3,5.3,5.1,4.0,3.7,3.9,3.9,3.5,4.0,3.4,3.0,3.6
94,3.2,2.9,3.4,3.7,3.3,3.6,5.1,5.1,4.8,3.7,3.4,3.5,3.7,3.3,3.8,3.1,2.8,3.3
95,3.0,2.7,3.1,3.4,3.0,3.3,4.8,4.9,4.6,3.4,3.2,3.2,3.4,3.1,3.5,2.9,2.6,3.0
96,2.8,2.5,2.9,3.2,2.8,3.1,4.6,4.7,4.3,3.1,2.9,2.9,3.2,2.9,3.3,2.7,2.4,2.8
97,2.6,2.3,2.7,2.9,2.6,2.8,4.4,4.5,4.1,2.8,2.7,2.7,3.0,2.7,3.0,2.5,2.2,2.6
98,2.4,2.2,2.5,2.7,2.5,2.6,4.2,4.3,3.9,2.6,2.5,2.5,2.8,2.6,2.8,2.3,2.1,2.4
99,2.2,2.0,2.3,2.6,2.3,2.4,4.1,4.2,3.7,2.4,2.3,2.3,2.7,2.4,2.7,2.2,2.0,2.2
100,2.1,1.9,2.2,2.4,2.2,2.3,3.9,4.0,3.6,2.3,2.2,2.1,2.5,2.3,2.5,2.0,1.8,2.1